{
  "confirmDeletion": true,
  "showAddCommand": true,
  "debug": false,
  "editorMenu": [],
  "fileMenu": [],
  "leftRibbon": [],
  "rightRibbon": [],
  "titleBar": [],
  "statusBar": [
    {
      "id": "obsidian-git:commit",
      "icon": "lucide-git-commit",
      "name": "Git: Commit all changes",
      "mode": "any",
      "color": "#e0158b"
    }
  ],
  "pageHeader": [],
  "macros": [],
  "explorer": [],
  "hide": {
    "statusbar": [],
    "leftRibbon": []
  },
  "spacing": 8,
  "advancedToolbar": {
    "rowHeight": 48,
    "rowCount": 1,
    "spacing": 0,
    "buttonWidth": 48,
    "columnLayout": false,
    "mappedIcons": [],
    "tooltips": false,
    "heightOffset": 0
  }
}