{
  "pluginList": [
    "denolehov/obsidian-git"
  ],
  "pluginSubListFrozenVersion": [
    {
      "repo": "denolehov/obsidian-git",
      "version": ""
    }
  ],
  "themesList": [],
  "updateAtStartup": true,
  "updateThemesAtStartup": true,
  "enableAfterInstall": true,
  "loggingEnabled": false,
  "loggingPath": "BRAT-log",
  "loggingVerboseEnabled": false,
  "debuggingMode": false,
  "notificationsEnabled": true,
  "personalAccessToken": "",
  "selectLatestPluginVersionByDefault": false,
  "allowIncompatiblePlugins": false
}