{
  "commitMessage": "{{date}} auto backup",
  "autoCommitMessage": "vault backup: {{date}}",
  "commitMessageScript": "",
  "commitDateFormat": "YYYY-MM-DD HH:mm:ss",
  "autoSaveInterval": 15,
  "autoPushInterval": 15,
  "autoPullInterval": 15,
  "autoPullOnBoot": true,
  "autoCommitOnlyStaged": false,
  "disablePush": false,
  "pullBeforePush": true,
  "disablePopups": false,
  "showErrorNotices": true,
  "disablePopupsForNoChanges": false,
  "listChangedFilesInMessageBody": false,
  "showStatusBar": true,
  "updateSubmodules": false,
  "syncMethod": "merge",
  "customMessageOnAutoBackup": false,
  "autoBackupAfterFileChange": true,
  "treeStructure": false,
  "refreshSourceControl": true,
  "basePath": "",
  "differentIntervalCommitAndPush": false,
  "changedFilesInStatusBar": true,
  "showedMobileNotice": true,
  "refreshSourceControlTimer": 7000,
  "showBranchStatusBar": true,
  "setLastSaveToLastCommit": false,
  "submoduleRecurseCheckout": false,
  "gitDir": "",
  "showFileMenu": true,
  "authorInHistoryView": "hide",
  "dateInHistoryView": false,
  "diffStyle": "split",
  "lineAuthor": {
    "show": false,
    "followMovement": "inactive",
    "authorDisplay": "initials",
    "showCommitHash": false,
    "dateTimeFormatOptions": "date",
    "dateTimeFormatCustomString": "YYYY-MM-DD HH:mm",
    "dateTimeTimezone": "viewer-local",
    "coloringMaxAge": "1y",
    "colorNew": {
      "r": 255,
      "g": 150,
      "b": 150
    },
    "colorOld": {
      "r": 120,
      "g": 160,
      "b": 255
    },
    "textColorCss": "var(--text-muted)",
    "ignoreWhitespace": false,
    "gutterSpacingFallbackLength": 5,
    "lastShownAuthorDisplay": "initials",
    "lastShownDateTimeFormatOptions": "date"
  }
}