{
  "main": {
    "id": "458a17900ab27783",
    "type": "split",
    "children": [
      {
        "id": "f27f85de8dc1d096",
        "type": "tabs",
        "children": [
          {
            "id": "5cb9ef2f3d357690",
            "type": "leaf",
            "state": {
              "type": "markdown",
              "state": {
                "file": "0. Управление/Организация этого хранилища.md",
                "mode": "source",
                "source": false
              },
              "icon": "lucide-file",
              "title": "Организация этого хранилища"
            }
          },
          {
            "id": "f669635aef2879e0",
            "type": "leaf",
            "state": {
              "type": "markdown",
              "state": {
                "file": "2. Продвижение/2.2. Решаемые ЦА задачи.md",
                "mode": "source",
                "source": false
              },
              "icon": "lucide-file",
              "title": "2.2. Решаемые ЦА задачи"
            }
          },
          {
            "id": "04cbb09f9ac9a501",
            "type": "leaf",
            "state": {
              "type": "markdown",
              "state": {
                "file": "2. Продвижение/2.2. Решаемые ЦА задачи.md",
                "mode": "source",
                "source": false
              },
              "icon": "lucide-file",
              "title": "2.2. Решаемые ЦА задачи"
            }
          },
          {
            "id": "667f48974fe62f02",
            "type": "leaf",
            "state": {
              "type": "markdown",
              "state": {
                "file": "2. Продвижение/2.1. Целевые аудитории.md",
                "mode": "source",
                "source": false
              },
              "icon": "lucide-file",
              "title": "2.1. Целевые аудитории"
            }
          },
          {
            "id": "c8dfb19a23a7f0d7",
            "type": "leaf",
            "state": {
              "type": "markdown",
              "state": {
                "file": "1. Идеи развития экосистемы/1.3. Идеи и принципы развития.md",
                "mode": "source",
                "source": false
              },
              "icon": "lucide-file",
              "title": "1.3. Идеи и принципы развития"
            }
          },
          {
            "id": "553797087f6edeb4",
            "type": "leaf",
            "state": {
              "type": "markdown",
              "state": {
                "file": "1. Идеи развития экосистемы/1.4. Концепция функционирования экосистемы для ЦА.md",
                "mode": "source",
                "source": false
              },
              "icon": "lucide-file",
              "title": "1.4. Концепция функционирования экосистемы для ЦА"
            }
          },
          {
            "id": "dbccce0e2e332450",
            "type": "leaf",
            "state": {
              "type": "markdown",
              "state": {
                "file": "2. Продвижение/2.3. Принципы продвижения.md",
                "mode": "source",
                "source": false
              },
              "icon": "lucide-file",
              "title": "2.3. Принципы продвижения"
            }
          },
          {
            "id": "210dc67b976d3edc",
            "type": "leaf",
            "state": {
              "type": "markdown",
              "state": {
                "file": "4. Системы/4.3. Клуб.md",
                "mode": "source",
                "source": false
              },
              "icon": "lucide-file",
              "title": "4.3. Клуб"
            }
          },
          {
            "id": "26b6674479f9c65d",
            "type": "leaf",
            "state": {
              "type": "markdown",
              "state": {
                "file": "4. Системы/4.6. Система учета активностей (хаб активностей).md",
                "mode": "source",
                "source": false
              },
              "icon": "lucide-file",
              "title": "4.6. Система учета активностей (хаб активностей)"
            }
          },
          {
            "id": "ac9efd2d9ffba367",
            "type": "leaf",
            "state": {
              "type": "markdown",
              "state": {
                "file": "4. Системы/4.5. Проводник по персональному маршруту.md",
                "mode": "source",
                "source": false
              },
              "icon": "lucide-file",
              "title": "4.5. Проводник по персональному маршруту"
            }
          },
          {
            "id": "e3a64718dfe4ac9f",
            "type": "leaf",
            "state": {
              "type": "markdown",
              "state": {
                "file": "4. Системы/4.9. Биллинг.md",
                "mode": "source",
                "source": false
              },
              "icon": "lucide-file",
              "title": "4.9. Биллинг"
            }
          },
          {
            "id": "910a3eb1d8687057",
            "type": "leaf",
            "state": {
              "type": "markdown",
              "state": {
                "file": "4. Системы/4.7. CRM.md",
                "mode": "source",
                "source": false
              },
              "icon": "lucide-file",
              "title": "4.7. CRM"
            }
          },
          {
            "id": "e4708dfe71e1d281",
            "type": "leaf",
            "state": {
              "type": "markdown",
              "state": {
                "file": "4. Системы/4.8. Системы приема оплаты фиатом.md",
                "mode": "source",
                "source": false
              },
              "icon": "lucide-file",
              "title": "4.8. Системы приема оплаты фиатом"
            }
          },
          {
            "id": "84b4c1ee892f17ea",
            "type": "leaf",
            "state": {
              "type": "markdown",
              "state": {
                "file": "4. Системы/4.2. Операционная система ИИ-платформы.md",
                "mode": "source",
                "source": false
              },
              "icon": "lucide-file",
              "title": "4.2. Операционная система ИИ-платформы"
            }
          },
          {
            "id": "b53261f9ae00180b",
            "type": "leaf",
            "state": {
              "type": "markdown",
              "state": {
                "file": "4. Системы/4.10. Финансовая система токеномики.md",
                "mode": "source",
                "source": false
              },
              "icon": "lucide-file",
              "title": "4.10. Финансовая система токеномики"
            }
          },
          {
            "id": "cac2bd961ff4d0f5",
            "type": "leaf",
            "state": {
              "type": "markdown",
              "state": {
                "file": "1. Идеи развития экосистемы/1.5. Постановка целей и задач.md",
                "mode": "source",
                "source": false
              },
              "icon": "lucide-file",
              "title": "1.5. Постановка целей и задач"
            }
          },
          {
            "id": "46dc2d538bf7f16d",
            "type": "leaf",
            "state": {
              "type": "markdown",
              "state": {
                "file": "2. Продвижение/2.5. Маркетинговые материлы.md",
                "mode": "source",
                "source": false
              },
              "icon": "lucide-file",
              "title": "2.5. Маркетинговые материлы"
            }
          },
          {
            "id": "0ca6b99ef38be814",
            "type": "leaf",
            "state": {
              "type": "markdown",
              "state": {
                "file": "2. Продвижение/Манифест.md",
                "mode": "source",
                "source": false
              },
              "icon": "lucide-file",
              "title": "Манифест"
            }
          },
          {
            "id": "7f2b6d06f3f9cfa1",
            "type": "leaf",
            "state": {
              "type": "markdown",
              "state": {
                "file": "1. Идеи развития экосистемы/1.4. Концепция функционирования экосистемы для ЦА.md",
                "mode": "source",
                "source": false
              },
              "icon": "lucide-file",
              "title": "1.4. Концепция функционирования экосистемы для ЦА"
            }
          },
          {
            "id": "492e1b9fad71c043",
            "type": "leaf",
            "state": {
              "type": "markdown",
              "state": {
                "file": "content/0. Управление/0.3. Решения.md",
                "mode": "source",
                "source": false
              },
              "icon": "lucide-file",
              "title": "0.3. Решения"
            }
          },
          {
            "id": "64249c52c7028f61",
            "type": "leaf",
            "state": {
              "type": "markdown",
              "state": {
                "file": "content/0. Управление/0.9. Разное.md",
                "mode": "source",
                "source": false
              },
              "icon": "lucide-file",
              "title": "0.9. Разное"
            }
          },
          {
            "id": "a9295f9620e674f8",
            "type": "leaf",
            "state": {
              "type": "markdown",
              "state": {
                "file": "content/0. Управление/0.2. План работ.md",
                "mode": "source",
                "source": false
              },
              "icon": "lucide-file",
              "title": "0.2. План работ"
            }
          },
          {
            "id": "b35b868c9ef31190",
            "type": "leaf",
            "state": {
              "type": "markdown",
              "state": {
                "file": "content/0. Управление/0.9. Разное.md",
                "mode": "source",
                "source": false
              },
              "icon": "lucide-file",
              "title": "0.9. Разное"
            }
          },
          {
            "id": "b66e285408d00404",
            "type": "leaf",
            "state": {
              "type": "markdown",
              "state": {
                "file": "content/0. Управление/0.5. Проверочный документ.md",
                "mode": "source",
                "source": false
              },
              "icon": "lucide-file",
              "title": "0.5. Проверочный документ"
            }
          },
          {
            "id": "0800e22fe622294a",
            "type": "leaf",
            "state": {
              "type": "markdown",
              "state": {
                "file": "content/1. Идеи развития экосистемы/1.3. Идеи и принципы развития.md",
                "mode": "source",
                "source": false
              },
              "icon": "lucide-file",
              "title": "1.3. Идеи и принципы развития"
            }
          },
          {
            "id": "7d236323299f79cf",
            "type": "leaf",
            "state": {
              "type": "markdown",
              "state": {
                "file": "content/0. Управление/0.9. Разное.md",
                "mode": "source",
                "source": false
              },
              "icon": "lucide-file",
              "title": "0.9. Разное"
            }
          },
          {
            "id": "0d4d821a6dad0acb",
            "type": "leaf",
            "state": {
              "type": "markdown",
              "state": {
                "file": "content/0. Управление/0.9. Разное.md",
                "mode": "source",
                "source": false
              },
              "icon": "lucide-file",
              "title": "0.9. Разное"
            }
          }
        ],
        "currentTab": 26
      }
    ],
    "direction": "vertical"
  },
  "left": {
    "id": "bfe184b4518d53ca",
    "type": "split",
    "children": [
      {
        "id": "62bf747695d4f779",
        "type": "tabs",
        "children": [
          {
            "id": "bc9968b7d54c1af2",
            "type": "leaf",
            "state": {
              "type": "file-explorer",
              "state": {
                "sortOrder": "alphabetical",
                "autoReveal": false
              },
              "icon": "lucide-folder-closed",
              "title": "Файловый менеджер"
            }
          },
          {
            "id": "771cd5b9226fbd40",
            "type": "leaf",
            "state": {
              "type": "search",
              "state": {
                "query": "",
                "matchingCase": false,
                "explainSearch": false,
                "collapseAll": false,
                "extraContext": false,
                "sortOrder": "alphabetical"
              },
              "icon": "lucide-search",
              "title": "Поиск"
            }
          },
          {
            "id": "c2f50adaef204659",
            "type": "leaf",
            "state": {
              "type": "bookmarks",
              "state": {},
              "icon": "lucide-bookmark",
              "title": "Закладки"
            }
          }
        ]
      }
    ],
    "direction": "horizontal",
    "width": 298.5
  },
  "right": {
    "id": "ccaa79d2e9f519ef",
    "type": "split",
    "children": [
      {
        "id": "43bcc5657810cded",
        "type": "tabs",
        "children": [
          {
            "id": "08be311ad16b0200",
            "type": "leaf",
            "state": {
              "type": "backlink",
              "state": {
                "file": "0. Управление/Организация этого хранилища.md",
                "collapseAll": false,
                "extraContext": false,
                "sortOrder": "alphabetical",
                "showSearch": false,
                "searchQuery": "",
                "backlinkCollapsed": false,
                "unlinkedCollapsed": true
              },
              "icon": "links-coming-in",
              "title": "Обратные ссылки для Организация этого хранилища"
            }
          },
          {
            "id": "bdbebc7172595da1",
            "type": "leaf",
            "state": {
              "type": "outgoing-link",
              "state": {
                "file": "0. Управление/Организация этого хранилища.md",
                "linksCollapsed": false,
                "unlinkedCollapsed": true
              },
              "icon": "links-going-out",
              "title": "Исходящие ссылки из Организация этого хранилища"
            }
          },
          {
            "id": "3cd44b1bec269998",
            "type": "leaf",
            "state": {
              "type": "tag",
              "state": {
                "sortOrder": "frequency",
                "useHierarchy": true,
                "showSearch": false,
                "searchQuery": ""
              },
              "icon": "lucide-tags",
              "title": "Теги"
            }
          },
          {
            "id": "42cc55ba02f786ae",
            "type": "leaf",
            "state": {
              "type": "outline",
              "state": {
                "file": "0. Управление/Организация этого хранилища.md",
                "followCursor": false,
                "showSearch": false,
                "searchQuery": ""
              },
              "icon": "lucide-list",
              "title": "Структура Организация этого хранилища"
            }
          }
        ]
      }
    ],
    "direction": "horizontal",
    "width": 300,
    "collapsed": true
  },
  "left-ribbon": {
    "hiddenItems": {
      "switcher:Меню быстрого перехода": false,
      "graph:Граф": false,
      "canvas:Создать новый холст": false,
      "daily-notes:Сегодняшняя заметка": false,
      "templates:Вставить шаблон": false,
      "command-palette:Открыть палитру команд": false,
      "bases:Создать новую базу": false,
      "obsidian-git:Open Git source control": false
    }
  },
  "active": "0d4d821a6dad0acb",
  "lastOpenFiles": [
    "content/0. Управление/0.2. План работ.md",
    "content/0. Управление/0.9. Разное.md",
    "content/0. Управление/0.1. Входящее.md",
    "conflict-files-obsidian-git.md",
    "content/1. Идеи развития экосистемы/1.3. Идеи и принципы развития.md",
    "content/1. Идеи развития экосистемы/1.2. Гипотезы.md",
    "content/0. Управление/0.0. Информация.md",
    "content/0. Управление/0.4. Дорожная карта.md",
    "content/0. Управление/0.5. Проверочный документ.md",
    "content/0. Управление/0.6. Структура этого хранилища.md",
    "content/0. Управление/0.7. Классификация документов и теги.md",
    "content/0. Управление/0.8. Организация процесса работы.md",
    "content/0. Управление/0.3. Решения.md",
    "content/1. Идеи развития экосистемы/1.4. Концепция функционирования экосистемы для ЦА.md",
    "content/1. Идеи развития экосистемы/1.5. Постановка целей и задач.md",
    "content/1. Идеи развития экосистемы/1.1. Проблемы.md",
    "content/1. Идеи развития экосистемы/1.0 Информация.md",
    "github/workflows/markdown-lint.yml",
    "github/workflows/naming-check.yml",
    "github/workflows/frontmatter-check.yml",
    "github/ISSUE_TEMPLATE/02-system.yaml",
    "github/ISSUE_TEMPLATE/01-idea.yaml",
    "github/PULL_REQUEST_TEMPLATE.md",
    "github/workflows",
    "github/ISSUE_TEMPLATE",
    "github/CODEOWNERS",
    "github",
    "0002-dataview-and-check.patch",
    "content/templates/Agent-Template.md",
    "content/agents/00-Index.md",
    "content/4. Системы/4.9. Биллинг.md",
    "content/4. Системы/4.8. Системы приема оплаты фиатом.md",
    "content/4. Системы/4.6. Система учета активностей (хаб активностей).md",
    "content/4. Системы/4.7. CRM.md",
    "content/4. Системы/4.5. Проводник по персональному маршруту.md",
    "content/4. Системы/4.4. Платформа обучения.md"
  ]
}